{
  "simple_node": {
    "query": "MATCH (n:User) RETURN n.name",
    "description": "Simple node query",
    "iterations": 5,
    "success_rate": 1.0,
    "avg_duration": 0.0075057029724121095,
    "min_duration": 0.006735324859619141,
    "max_duration": 0.00939035415649414,
    "std_duration": 0.0010920546078971047,
    "timestamp": 1768758850.506308
  },
  "complex_joins": {
    "query": "MATCH (u:User)-[:FOLLOWS]->(f:User)-[:POSTED]->(p:Post) RETURN u.name, f.name, p.content",
    "description": "Multi-hop query with joins",
    "iterations": 5,
    "success_rate": 1.0,
    "avg_duration": 0.013566303253173827,
    "min_duration": 0.00989842414855957,
    "max_duration": 0.01574110984802246,
    "std_duration": 0.002561946760165591,
    "timestamp": 1768758850.5748353
  },
  "variable_length_path": {
    "query": "MATCH (u:User)-[*1..3]->(target) RETURN u.name, target.name",
    "description": "Variable-length path query",
    "iterations": 5,
    "success_rate": 1.0,
    "avg_duration": 0.009345340728759765,
    "min_duration": 0.0077571868896484375,
    "max_duration": 0.01192617416381836,
    "std_duration": 0.001798027525011445,
    "timestamp": 1768758850.6220975
  },
  "aggregation": {
    "query": "MATCH (u:User)-[:FOLLOWS]->(f:User) RETURN count(u) as followers, u.country",
    "description": "Aggregation query",
    "iterations": 5,
    "success_rate": 1.0,
    "avg_duration": 0.008634424209594727,
    "min_duration": 0.00597834587097168,
    "max_duration": 0.016710281372070312,
    "std_duration": 0.004548511044197141,
    "timestamp": 1768758850.6657474
  },
  "complex_filters": {
    "query": "MATCH (u:User)-[:FOLLOWS]->(f:User) WHERE u.country = 'US' AND f.registration_date > '2020-01-01' RETURN u.name",
    "description": "Query with complex filters",
    "iterations": 5,
    "success_rate": 1.0,
    "avg_duration": 0.007952022552490234,
    "min_duration": 0.0053920745849609375,
    "max_duration": 0.01577281951904297,
    "std_duration": 0.004407665807107346,
    "timestamp": 1768758850.7059553
  }
}