{
  "simple_node": {
    "query": "MATCH (n:User) RETURN n.name",
    "description": "Simple node query",
    "iterations": 5,
    "success_rate": 1.0,
    "avg_duration": 0.008838510513305664,
    "min_duration": 0.007834672927856445,
    "max_duration": 0.010706424713134766,
    "std_duration": 0.0011480835771668315,
    "timestamp": 1768670546.9624903
  },
  "complex_joins": {
    "query": "MATCH (u:User)-[:FOLLOWS]->(f:User)-[:POSTED]->(p:Post) RETURN u.name, f.name, p.content",
    "description": "Multi-hop query with joins",
    "iterations": 5,
    "success_rate": 1.0,
    "avg_duration": 0.00523533821105957,
    "min_duration": 0.004585742950439453,
    "max_duration": 0.005868196487426758,
    "std_duration": 0.00047821568661064734,
    "timestamp": 1768670546.9890213
  },
  "variable_length_path": {
    "query": "MATCH (u:User)-[*1..3]->(target) RETURN u.name, target.name",
    "description": "Variable-length path query",
    "iterations": 5,
    "success_rate": 1.0,
    "avg_duration": 0.004945993423461914,
    "min_duration": 0.004523754119873047,
    "max_duration": 0.005374431610107422,
    "std_duration": 0.000358776077172312,
    "timestamp": 1768670547.0142024
  },
  "aggregation": {
    "query": "MATCH (u:User)-[:FOLLOWS]->(f:User) RETURN count(u) as followers, u.country",
    "description": "Aggregation query",
    "iterations": 5,
    "success_rate": 1.0,
    "avg_duration": 0.009555768966674805,
    "min_duration": 0.007804155349731445,
    "max_duration": 0.012969493865966797,
    "std_duration": 0.0019835307403247276,
    "timestamp": 1768670547.0625174
  },
  "complex_filters": {
    "query": "MATCH (u:User)-[:FOLLOWS]->(f:User) WHERE u.country = 'US' AND f.registration_date > '2020-01-01' RETURN u.name",
    "description": "Query with complex filters",
    "iterations": 5,
    "success_rate": 1.0,
    "avg_duration": 0.009250926971435546,
    "min_duration": 0.008393526077270508,
    "max_duration": 0.009758472442626953,
    "std_duration": 0.000543962722959147,
    "timestamp": 1768670547.1091287
  }
}