{
  "simple_node": {
    "query": "MATCH (n:User) RETURN n.name",
    "description": "Simple node query",
    "iterations": 5,
    "success_rate": 1.0,
    "avg_duration": 0.013022327423095703,
    "min_duration": 0.012008190155029297,
    "max_duration": 0.014222860336303711,
    "std_duration": 0.001026610393856319,
    "timestamp": 1768533914.9551196
  },
  "complex_joins": {
    "query": "MATCH (u:User)-[:FOLLOWS]->(f:User)-[:POSTED]->(p:Post) RETURN u.name, f.name, p.content",
    "description": "Multi-hop query with joins",
    "iterations": 5,
    "success_rate": 1.0,
    "avg_duration": 0.008949041366577148,
    "min_duration": 0.007797718048095703,
    "max_duration": 0.011515140533447266,
    "std_duration": 0.0014693067949515181,
    "timestamp": 1768533915.0002713
  },
  "variable_length_path": {
    "query": "MATCH (u:User)-[*1..3]->(target) RETURN u.name, target.name",
    "description": "Variable-length path query",
    "iterations": 5,
    "success_rate": 1.0,
    "avg_duration": 0.007029581069946289,
    "min_duration": 0.006102085113525391,
    "max_duration": 0.008055925369262695,
    "std_duration": 0.0007421240141103439,
    "timestamp": 1768533915.0357862
  },
  "aggregation": {
    "query": "MATCH (u:User)-[:FOLLOWS]->(f:User) RETURN count(u) as followers, u.country",
    "description": "Aggregation query",
    "iterations": 5,
    "success_rate": 1.0,
    "avg_duration": 0.013016080856323243,
    "min_duration": 0.011956214904785156,
    "max_duration": 0.013600587844848633,
    "std_duration": 0.0006352132425931428,
    "timestamp": 1768533915.1012228
  },
  "complex_filters": {
    "query": "MATCH (u:User)-[:FOLLOWS]->(f:User) WHERE u.country = 'US' AND f.registration_date > '2020-01-01' RETURN u.name",
    "description": "Query with complex filters",
    "iterations": 5,
    "success_rate": 1.0,
    "avg_duration": 0.012367773056030273,
    "min_duration": 0.01086878776550293,
    "max_duration": 0.013910055160522461,
    "std_duration": 0.001275146831728495,
    "timestamp": 1768533915.1634324
  }
}